series,p,d,q,trend,aic,bic,ljung_box_p_lag10,params
y1,1,0,0,c,-881.063,-868.4191,0.056641,"{'const': 19.99096607382895, 'ar.L1': 0.5436140054363074, 'sigma2': 0.009923954634455856}"
y2,0,0,1,c,-858.8378,-846.194,0.096098,"{'const': 5.000863638031826, 'ma.L1': -0.8297977001321668, 'sigma2': 0.010358102018353467}"
y3,1,0,0,n,-846.756,-838.3268,0.88001,"{'ar.L1': 0.9765156405174696, 'sigma2': 0.01061383610643478}"
